{
  "shortname": "msys2",
  "name": "MSYS2",
  "_id": "519c8c91f1fd8d7e7ab5309d",
  "url": "https://sourceforge.net/p/msys2/",
  "private": false,
  "short_description": "MSYS2 is a collection of tools and libraries providing you with an easy-to-use environment for building, installing and running native Windows software.\r\n\r\nIt consists of a command line terminal called mintty, bash, version control systems like git and subversion, tools like tar and awk and even build systems like autotools, all based on a modified version of Cygwin. MSYS2 provides up-to-date native builds for GCC, mingw-w64, CPython, CMake, Meson, OpenSSL, FFmpeg, Rust, Ruby, just to name a few.\r\n\r\nTo provide easy installation of packages and a way to keep them updated it features a package management system called Pacman, which should be familiar to Arch Linux users. Our package repository contains more than 1800 pre-built packages ready to install.",
  "creation_date": "2013-05-22",
  "summary": "Software Distribution and Building Platform for Windows",
  "external_homepage": "https://www.msys2.org/",
  "video_url": null,
  "socialnetworks": [
    {
      "accounturl": "",
      "socialnetwork": "Twitter"
    },
    {
      "accounturl": null,
      "socialnetwork": "Facebook"
    }
  ],
  "status": "moved",
  "moved_to_url": "https://www.msys2.org/",
  "preferred_support_tool": "_url",
  "preferred_support_url": "https://www.msys2.org/contact/",
  "developers": [
    {
      "username": "lexx83",
      "name": "Alexx83",
      "url": "https://sourceforge.net/u/lexx83/"
    },
    {
      "username": "dscho",
      "name": "Johannes Schindelin",
      "url": "https://sourceforge.net/u/dscho/"
    },
    {
      "username": "elieux",
      "name": "David Macek",
      "url": "https://sourceforge.net/u/elieux/"
    },
    {
      "username": "lazka",
      "name": "lazka",
      "url": "https://sourceforge.net/u/lazka/"
    }
  ],
  "tools": [
    {
      "name": "search",
      "mount_point": "search",
      "url": "/p/msys2/search/",
      "icons": {
        "24": "images/admin_24.png",
        "32": "images/admin_32.png",
        "48": "images/admin_48.png"
      },
      "installable": false,
      "tool_label": "Tool",
      "mount_label": "Search"
    },
    {
      "name": "discussion",
      "mount_point": "discussion",
      "url": "/p/msys2/discussion/",
      "icons": {
        "24": "images/forums_24.png",
        "32": "images/forums_32.png",
        "48": "images/forums_48.png"
      },
      "installable": true,
      "tool_label": "Discussion",
      "mount_label": "Discussion"
    },
    {
      "name": "files-sf",
      "mount_point": "files",
      "url": "/p/msys2/files/",
      "icons": {
        "24": "images/downloads_24.png",
        "32": "images/downloads_32.png",
        "48": "images/downloads_48.png"
      },
      "installable": false,
      "tool_label": "Files",
      "mount_label": "Files"
    },
    {
      "name": "tickets",
      "mount_point": "tickets",
      "url": "/p/msys2/tickets/",
      "icons": {
        "24": "images/tickets_24.png",
        "32": "images/tickets_32.png",
        "48": "images/tickets_48.png"
      },
      "installable": true,
      "tool_label": "Tickets",
      "mount_label": "Tickets"
    },
    {
      "name": "admin",
      "mount_point": "admin",
      "url": "/p/msys2/admin/",
      "icons": {
        "24": "images/admin_24.png",
        "32": "images/admin_32.png",
        "48": "images/admin_48.png"
      },
      "installable": false,
      "tool_label": "admin",
      "mount_label": "Admin"
    },
    {
      "name": "wiki",
      "mount_point": "wiki",
      "url": "/p/msys2/wiki/",
      "icons": {
        "24": "images/wiki_24.png",
        "32": "images/wiki_32.png",
        "48": "images/wiki_48.png"
      },
      "installable": true,
      "tool_label": "Wiki",
      "mount_label": "Wiki"
    },
    {
      "name": "support",
      "mount_point": "support",
      "url": "/p/msys2/support/",
      "icons": {
        "24": "images/sftheme/24x24/blog_24.png",
        "32": "images/sftheme/32x32/blog_32.png",
        "48": "images/sftheme/48x48/blog_48.png"
      },
      "installable": false,
      "tool_label": "Support",
      "mount_label": "Support"
    },
    {
      "name": "summary",
      "mount_point": "summary",
      "url": "/p/msys2/summary/",
      "icons": {
        "24": "images/sftheme/24x24/blog_24.png",
        "32": "images/sftheme/32x32/blog_32.png",
        "48": "images/sftheme/48x48/blog_48.png"
      },
      "installable": false,
      "tool_label": "Summary",
      "mount_label": "Summary",
      "sourceforge_group_id": 1797022
    },
    {
      "name": "reviews",
      "mount_point": "reviews",
      "url": "/p/msys2/reviews/",
      "icons": {
        "24": "images/sftheme/24x24/blog_24.png",
        "32": "images/sftheme/32x32/blog_32.png",
        "48": "images/sftheme/48x48/blog_48.png"
      },
      "installable": false,
      "tool_label": "Reviews",
      "mount_label": "Reviews"
    },
    {
      "name": "activity",
      "mount_point": "activity",
      "url": "/p/msys2/activity/",
      "icons": {
        "24": "images/admin_24.png",
        "32": "images/admin_32.png",
        "48": "images/admin_48.png"
      },
      "installable": false,
      "tool_label": "Tool",
      "mount_label": "Activity"
    },
    {
      "name": "mailman",
      "mount_point": "mailman",
      "url": "/p/msys2/mailman/",
      "icons": {
        "24": "images/forums_24.png",
        "32": "images/forums_32.png",
        "48": "images/forums_48.png"
      },
      "installable": false,
      "tool_label": "Mailing Lists",
      "mount_label": "Mailing Lists"
    }
  ],
  "labels": [],
  "categories": {
    "audience": [],
    "developmentstatus": [],
    "environment": [],
    "language": [],
    "license": [],
    "translation": [],
    "os": [],
    "database": [],
    "topic": []
  },
  "icon_url": "https://sourceforge.net/p/msys2/icon",
  "screenshots": []
}