{"pages": [{
  "_id": "519c8c91f1fd8d7e7ab530b0",
  "mod_date": "2021-12-08 09:15:27.777000",
  "labels": [],
  "related_artifacts": [],
  "discussion_thread": {
    "_id": "5c7ddfbd",
    "discussion_id": "519c8c91f1fd8d7e7ab530ab",
    "subject": "",
    "limit": null,
    "page": null,
    "posts": [
      {
        "slug": "6c58",
        "text": "might want to update your link redirection notice url on github as well @ https://github.com/msys2/msys2.github.io\r\n\r\n![](http://i.imgur.com/LflTf5l.png)",
        "subject": "Discussion for Home page",
        "author": "gtgrn",
        "author_icon_url": "https://secure.gravatar.com/avatar/ca39570084f5afe0a10d4ebf1f10cc24?r=pg&d=https%3A%2F%2Fa.fsdn.com%2Fcon%2Fimages%2Fsandiego%2Ficons%2Fdefault-avatar.png",
        "timestamp": "2017-03-03 20:00:35.200000",
        "last_edited": null,
        "attachments": []
      },
      {
        "slug": "6c58/2b15",
        "text": "Done.\n\nOn Fri, Mar 3, 2017 at 8:00 PM, gtg <gtgrn@users.sf.net> wrote:\n\n> might want to update your link redirection notice url on github as well @\n> https://github.com/msys2/msys2.github.io\n>\n> ------------------------------\n>\n> Sent from sourceforge.net because you indicated interest in\n> https://sourceforge.net/p/msys2/wiki/Home/\n>\n> To unsubscribe from further messages, please visit\n> https://sourceforge.net/auth/subscriptions/\n>\n",
        "subject": "Discussion for Home page",
        "author": "mingwandroid",
        "author_icon_url": "https://secure.gravatar.com/avatar/bae4bd9380666552d454f853a546d521?r=pg&d=https%3A%2F%2Fa.fsdn.com%2Fcon%2Fimages%2Fsandiego%2Ficons%2Fdefault-avatar.png",
        "timestamp": "2017-03-04 01:12:44.970000",
        "last_edited": null,
        "attachments": [
          {
            "bytes": 1214,
            "url": "https://sourceforge.net/p/msys2/wiki/_discuss/thread/5c7ddfbd/6c58/2b15/attachment/alternate",
            "path": "wiki/519c8c91f1fd8d7e7ab530b0/5c7ddfbd/6c58/2b15/alternate"
          }
        ]
      },
      {
        "slug": "293e",
        "text": "Is it ok to install msys2 on a portable ssd, and use it on many machines?  Will it cause me any problems?",
        "subject": "Discussion for Home page",
        "author": "thewafflication",
        "author_icon_url": "https://secure.gravatar.com/avatar/ca13c1f6cfd5f86a15455686d93760e5?r=pg&d=https%3A%2F%2Fa.fsdn.com%2Fcon%2Fimages%2Fsandiego%2Ficons%2Fdefault-avatar.png",
        "timestamp": "2017-09-15 00:25:17.887000",
        "last_edited": null,
        "attachments": []
      },
      {
        "slug": "70f1",
        "text": "nothing",
        "subject": "Discussion for Home page",
        "author": "pink7878",
        "author_icon_url": "https://secure.gravatar.com/avatar/c241b1600741d7922d7ee8fc879d72d0?r=pg&d=https%3A%2F%2Fa.fsdn.com%2Fcon%2Fimages%2Fsandiego%2Ficons%2Fdefault-avatar.png",
        "timestamp": "2018-09-26 16:06:09.751000",
        "last_edited": null,
        "attachments": []
      },
      {
        "slug": "70f1/b911",
        "text": "What?\n\nOn Thu, Sep 27, 2018, 01:34 jasa <pink7878@users.sourceforge.net> wrote:\n\n> nothing\n> ------------------------------\n>\n> Sent from sourceforge.net because you indicated interest in\n> https://sourceforge.net/p/msys2/wiki/Home/\n>\n> To unsubscribe from further messages, please visit\n> https://sourceforge.net/auth/subscriptions/\n>\n",
        "subject": "Discussion for Home page",
        "author": "thewafflication",
        "author_icon_url": "https://secure.gravatar.com/avatar/ca13c1f6cfd5f86a15455686d93760e5?r=pg&d=https%3A%2F%2Fa.fsdn.com%2Fcon%2Fimages%2Fsandiego%2Ficons%2Fdefault-avatar.png",
        "timestamp": "2018-09-27 07:02:15.903000",
        "last_edited": null,
        "attachments": [
          {
            "bytes": 933,
            "url": "https://sourceforge.net/p/msys2/wiki/_discuss/thread/5c7ddfbd/70f1/b911/attachment/alternate",
            "path": "wiki/519c8c91f1fd8d7e7ab530b0/5c7ddfbd/70f1/b911/alternate"
          }
        ]
      }
    ]
  },
  "discussion_thread_url": "https://sourceforge.net/rest/p/msys2/wiki/_discuss/thread/5c7ddfbd/",
  "title": "Home",
  "text": "The wiki was [migrated to GitHub](https://www.msys2.org/).\r\n",
  "attachments": []
}]}